"html","line","css"
"html\dashboard\admin-clientes-rutas.html","11","https://code.getmdl.io/1.3.0/material.indigo-pink.min.css"
"html\dashboard\admin-clientes-rutas.html","21","https://unpkg.com/leaflet@1.9.4/dist/leaflet.css"
"html\dashboard\admin-clientes-rutas.html","25","../../css/dashboard/admin-clientes-rutas.css"
"html\dashboard\admin-clientes-rutas.html","26","../../css/partials/app-header.css"
"html\dashboard\admin-custodias.html","10","https://code.getmdl.io/1.3.0/material.indigo-pink.min.css"
"html\dashboard\admin-custodias.html","18","../../css/dashboard/admin-custodias.css"
"html\dashboard\admin-custodias.html","19","../../css/partials/app-header.css"
"html\dashboard\custodia-registros.html","16","../../css/dashboard/custodia-registros.css"
"html\dashboard\custodia-registros.html","17","../../css/partials/app-header.css"
"html\dashboard\custodia-registros.html","18","../../modules/alarma/alarma.css"
"html\dashboard\dashboard-admin.html","10","https://code.getmdl.io/1.3.0/material.indigo-pink.min.css"
"html\dashboard\dashboard-admin.html","23","https://unpkg.com/leaflet@1.9.4/dist/leaflet.css"
"html\dashboard\dashboard-admin.html","27","../../css/dashboard/dashboard-admin.css"
"html\dashboard\dashboard-admin.html","28","../../css/partials/app-header.css"
"html\dashboard\dashboard-admin.html","29","../../modules/alarma/alarma.css"
"html\dashboard\dashboard-consulta.html","11","https://code.getmdl.io/1.3.0/material.indigo-pink.min.css"
"html\dashboard\dashboard-consulta.html","31","../../css/dashboard/dashboard-consulta.css"
"html\dashboard\dashboard-consulta.html","32","../../css/partials/app-header.css"
"html\dashboard\dashboard-custodia.html","10","https://code.getmdl.io/1.3.0/material.indigo-pink.min.css"
"html\dashboard\dashboard-custodia.html","14","../../css/dashboard/dashboard-custodia.css"
"html\dashboard\dashboard-custodia.html","15","../../css/partials/app-header.css"
"html\dashboard\dashboard-custodia.html","16","../../modules/alarma/alarma.css"
"html\dashboard\dashboard-custodia.html","18","https://unpkg.com/leaflet@1.9.4/dist/leaflet.css"
"html\dashboard\mapa-resguardo.html","11","https://code.getmdl.io/1.3.0/material.indigo-pink.min.css"
"html\dashboard\mapa-resguardo.html","18","https://unpkg.com/leaflet@1.9.4/dist/leaflet.css"
"html\dashboard\mapa-resguardo.html","22","../../css/dashboard/mapa-resguardo.css"
"html\dashboard\mapa-resguardo.html","23","../../css/partials/app-header.css"
"html\dashboard\mapa-resguardo.html","24","../../modules/alarma/alarma.css"
"html\index.html","6","../css/partials/app-header.css"
"html\login\login.html","10","https://code.getmdl.io/1.3.0/material.indigo-pink.min.css"
"html\login\login.html","23","../../css/login/login.css"
"html\login\registro-custodia.html","10","https://code.getmdl.io/1.3.0/material.indigo-pink.min.css"
"html\login\registro-custodia.html","32","../../css/registro-custodia.css"
